{"isShowingConnections":false,"isShowingInspector":true,"isShowingInspectorMotion":false,"isShowingLayerList":true,"isShowingSmartGuides":true,"isShowingTopBar":true,"lastProjectPageId":"5a4987ef-a54a-42a9-8d89-b6561918a273","pageZoomMemory":{"70dcabda-332a-46ec-9a60-0a31d4381bd5":{"zoom":0.24203586505013142,"scrollX":4206.43760692785,"scrollY":495.36066028590994},"f5e77094-5536-41e8-993c-46d7354c76ea":{"zoom":1,"scrollX":-839,"scrollY":-729},"946641c0-0d24-412b-b309-99f8a42bc85d":{"zoom":1,"scrollX":-1088,"scrollY":-395},"6e189b40-0bd9-4dfc-b554-5ee42f8b82f4":{"zoom":0.5,"scrollX":4413,"scrollY":8558.5},"4f7a10af-614d-4230-9671-86577baad101":{"zoom":0.25,"scrollX":12519,"scrollY":-105.25},"5192f6b9-1958-413c-9ab0-f500021e479e":{"zoom":1,"scrollX":-1182,"scrollY":-716},"45ba17c0-b0ab-4d0b-8190-c09f4d39a315":{"zoom":0.5,"scrollX":-1869,"scrollY":-216.5},"98aaacc6-ac32-426c-9b9c-bbbb89f2094c":{"zoom":1,"scrollX":-321,"scrollY":-713.25},"a1009d1f-626e-41ba-90f8-7c8f22db61f0":{"zoom":1,"scrollX":-1182,"scrollY":-716},"5a4987ef-a54a-42a9-8d89-b6561918a273":{"zoom":0.25,"scrollX":8906.626538413271,"scrollY":-1677.1812019944673},"a5387511-3aa9-4249-92de-073ed0aeceb6":{"zoom":1,"scrollX":-1168,"scrollY":-348}},"projectPanelWidth":224,"scrollX":8906.626538413271,"scrollY":-1677.1812019944673,"selectedPageId":"5a4987ef-a54a-42a9-8d89-b6561918a273","timelineDockPosition":"LEFT","timelinePanelDimensions":{"height":384,"width":708},"zoom":0.25,"shouldZoomInOnSelection":true}